<annotation>
  <folder>images/Part1_Gray</folder>
  <filename>00041.png</filename>
  <segmented>0</segmented>
  <size>
    <width>1280</width>
    <height>720</height>
    <depth>3</depth>
  </size>
  <object>
    <name>Referee</name>
    <pose>Unspecified</pose>
    <truncated>0</truncated>
    <difficult>0</difficult>
    <bndbox>
      <xmin>1132</xmin>
      <ymin>541</ymin>
      <xmax>1170</xmax>
      <ymax>627</ymax>
    </bndbox>
  </object>
  <object>
    <name>Player</name>
    <pose>Unspecified</pose>
    <truncated>0</truncated>
    <difficult>0</difficult>
    <bndbox>
      <xmin>1083</xmin>
      <ymin>526</ymin>
      <xmax>1129</xmax>
      <ymax>607</ymax>
    </bndbox>
  </object>
  <object>
    <name>Holding the ball</name>
    <pose>Unspecified</pose>
    <truncated>0</truncated>
    <difficult>0</difficult>
    <bndbox>
      <xmin>798</xmin>
      <ymin>527</ymin>
      <xmax>837</xmax>
      <ymax>600</ymax>
    </bndbox>
  </object>
  <object>
    <name>Player</name>
    <pose>Unspecified</pose>
    <truncated>0</truncated>
    <difficult>0</difficult>
    <bndbox>
      <xmin>837</xmin>
      <ymin>478</ymin>
      <xmax>869</xmax>
      <ymax>556</ymax>
    </bndbox>
  </object>
  <object>
    <name>Player</name>
    <pose>Unspecified</pose>
    <truncated>0</truncated>
    <difficult>0</difficult>
    <bndbox>
      <xmin>820</xmin>
      <ymin>519</ymin>
      <xmax>854</xmax>
      <ymax>591</ymax>
    </bndbox>
  </object>
  <object>
    <name>Football</name>
    <pose>Unspecified</pose>
    <truncated>0</truncated>
    <difficult>0</difficult>
    <bndbox>
      <xmin>812</xmin>
      <ymin>590</ymin>
      <xmax>824</xmax>
      <ymax>601</ymax>
    </bndbox>
  </object>
  <object>
    <name>Player</name>
    <pose>Unspecified</pose>
    <truncated>0</truncated>
    <difficult>0</difficult>
    <bndbox>
      <xmin>479</xmin>
      <ymin>420</ymin>
      <xmax>503</xmax>
      <ymax>492</ymax>
    </bndbox>
  </object>
  <object>
    <name>Player</name>
    <pose>Unspecified</pose>
    <truncated>0</truncated>
    <difficult>0</difficult>
    <bndbox>
      <xmin>556</xmin>
      <ymin>528</ymin>
      <xmax>583</xmax>
      <ymax>614</ymax>
    </bndbox>
  </object>
  <object>
    <name>Player</name>
    <pose>Unspecified</pose>
    <truncated>0</truncated>
    <difficult>0</difficult>
    <bndbox>
      <xmin>392</xmin>
      <ymin>556</ymin>
      <xmax>420</xmax>
      <ymax>642</ymax>
    </bndbox>
  </object>
  <object>
    <name>Goalpost</name>
    <pose>Unspecified</pose>
    <truncated>0</truncated>
    <difficult>0</difficult>
    <bndbox>
      <xmin>365</xmin>
      <ymin>303</ymin>
      <xmax>560</xmax>
      <ymax>409</ymax>
    </bndbox>
  </object>
  <object>
    <name>Player</name>
    <pose>Unspecified</pose>
    <truncated>0</truncated>
    <difficult>0</difficult>
    <bndbox>
      <xmin>408</xmin>
      <ymin>348</ymin>
      <xmax>439</xmax>
      <ymax>415</ymax>
    </bndbox>
  </object>
  <object>
    <name>Referee</name>
    <pose>Unspecified</pose>
    <truncated>0</truncated>
    <difficult>0</difficult>
    <bndbox>
      <xmin>126</xmin>
      <ymin>457</ymin>
      <xmax>153</xmax>
      <ymax>537</ymax>
    </bndbox>
  </object>
  <object>
    <name>Player</name>
    <pose>Unspecified</pose>
    <truncated>0</truncated>
    <difficult>0</difficult>
    <bndbox>
      <xmin>40</xmin>
      <ymin>368</ymin>
      <xmax>61</xmax>
      <ymax>429</ymax>
    </bndbox>
  </object>
  <object>
    <name>Player</name>
    <pose>Unspecified</pose>
    <truncated>0</truncated>
    <difficult>0</difficult>
    <bndbox>
      <xmin>157</xmin>
      <ymin>433</ymin>
      <xmax>180</xmax>
      <ymax>505</ymax>
    </bndbox>
  </object>
  <object>
    <name>Player</name>
    <pose>Unspecified</pose>
    <truncated>0</truncated>
    <difficult>0</difficult>
    <bndbox>
      <xmin>82</xmin>
      <ymin>387</ymin>
      <xmax>107</xmax>
      <ymax>455</ymax>
    </bndbox>
  </object>
  <object>
    <name>Player</name>
    <pose>Unspecified</pose>
    <truncated>0</truncated>
    <difficult>0</difficult>
    <bndbox>
      <xmin>4</xmin>
      <ymin>418</ymin>
      <xmax>27</xmax>
      <ymax>492</ymax>
    </bndbox>
  </object>
  <object>
    <name>Player</name>
    <pose>Unspecified</pose>
    <truncated>0</truncated>
    <difficult>0</difficult>
    <bndbox>
      <xmin>143</xmin>
      <ymin>381</ymin>
      <xmax>168</xmax>
      <ymax>443</ymax>
    </bndbox>
  </object>
  <object>
    <name>Player</name>
    <pose>Unspecified</pose>
    <truncated>0</truncated>
    <difficult>0</difficult>
    <bndbox>
      <xmin>394</xmin>
      <ymin>555</ymin>
      <xmax>420</xmax>
      <ymax>642</ymax>
    </bndbox>
  </object>
  <object>
    <name>Player</name>
    <pose>Unspecified</pose>
    <truncated>0</truncated>
    <difficult>0</difficult>
    <bndbox>
      <xmin>562</xmin>
      <ymin>526</ymin>
      <xmax>583</xmax>
      <ymax>617</ymax>
    </bndbox>
  </object>
</annotation>
