<annotation>
  <folder>images/Part1_Gray</folder>
  <filename>00053.png</filename>
  <segmented>0</segmented>
  <size>
    <width>1280</width>
    <height>720</height>
    <depth>3</depth>
  </size>
  <object>
    <name>Holding the ball</name>
    <pose>Unspecified</pose>
    <truncated>0</truncated>
    <difficult>0</difficult>
    <bndbox>
      <xmin>1038</xmin>
      <ymin>513</ymin>
      <xmax>1047</xmax>
      <ymax>522</ymax>
    </bndbox>
  </object>
  <object>
    <name>Player</name>
    <pose>Unspecified</pose>
    <truncated>0</truncated>
    <difficult>0</difficult>
    <bndbox>
      <xmin>1061</xmin>
      <ymin>464</ymin>
      <xmax>1093</xmax>
      <ymax>520</ymax>
    </bndbox>
  </object>
  <object>
    <name>Holding the ball</name>
    <pose>Unspecified</pose>
    <truncated>0</truncated>
    <difficult>0</difficult>
    <bndbox>
      <xmin>1037</xmin>
      <ymin>462</ymin>
      <xmax>1093</xmax>
      <ymax>523</ymax>
    </bndbox>
  </object>
  <object>
    <name>Goalpost</name>
    <pose>Unspecified</pose>
    <truncated>0</truncated>
    <difficult>0</difficult>
    <bndbox>
      <xmin>942</xmin>
      <ymin>342</ymin>
      <xmax>1094</xmax>
      <ymax>424</ymax>
    </bndbox>
  </object>
  <object>
    <name>Player</name>
    <pose>Unspecified</pose>
    <truncated>0</truncated>
    <difficult>0</difficult>
    <bndbox>
      <xmin>943</xmin>
      <ymin>385</ymin>
      <xmax>959</xmax>
      <ymax>437</ymax>
    </bndbox>
  </object>
  <object>
    <name>Player</name>
    <pose>Unspecified</pose>
    <truncated>0</truncated>
    <difficult>0</difficult>
    <bndbox>
      <xmin>559</xmin>
      <ymin>407</ymin>
      <xmax>575</xmax>
      <ymax>457</ymax>
    </bndbox>
  </object>
  <object>
    <name>Player</name>
    <pose>Unspecified</pose>
    <truncated>0</truncated>
    <difficult>0</difficult>
    <bndbox>
      <xmin>537</xmin>
      <ymin>350</ymin>
      <xmax>553</xmax>
      <ymax>391</ymax>
    </bndbox>
  </object>
  <object>
    <name>Player</name>
    <pose>Unspecified</pose>
    <truncated>0</truncated>
    <difficult>0</difficult>
    <bndbox>
      <xmin>429</xmin>
      <ymin>387</ymin>
      <xmax>449</xmax>
      <ymax>438</ymax>
    </bndbox>
  </object>
  <object>
    <name>Player</name>
    <pose>Unspecified</pose>
    <truncated>0</truncated>
    <difficult>0</difficult>
    <bndbox>
      <xmin>360</xmin>
      <ymin>434</ymin>
      <xmax>382</xmax>
      <ymax>487</ymax>
    </bndbox>
  </object>
  <object>
    <name>Player</name>
    <pose>Unspecified</pose>
    <truncated>0</truncated>
    <difficult>0</difficult>
    <bndbox>
      <xmin>367</xmin>
      <ymin>546</ymin>
      <xmax>390</xmax>
      <ymax>617</ymax>
    </bndbox>
  </object>
  <object>
    <name>Player</name>
    <pose>Unspecified</pose>
    <truncated>0</truncated>
    <difficult>0</difficult>
    <bndbox>
      <xmin>252</xmin>
      <ymin>483</ymin>
      <xmax>277</xmax>
      <ymax>548</ymax>
    </bndbox>
  </object>
  <object>
    <name>Player</name>
    <pose>Unspecified</pose>
    <truncated>0</truncated>
    <difficult>0</difficult>
    <bndbox>
      <xmin>183</xmin>
      <ymin>493</ymin>
      <xmax>204</xmax>
      <ymax>553</ymax>
    </bndbox>
  </object>
  <object>
    <name>Player</name>
    <pose>Unspecified</pose>
    <truncated>0</truncated>
    <difficult>0</difficult>
    <bndbox>
      <xmin>156</xmin>
      <ymin>336</ymin>
      <xmax>170</xmax>
      <ymax>373</ymax>
    </bndbox>
  </object>
</annotation>
