<annotation>
  <folder>images/Part1_Gray</folder>
  <filename>00066.png</filename>
  <segmented>0</segmented>
  <size>
    <width>1280</width>
    <height>720</height>
    <depth>3</depth>
  </size>
  <object>
    <name>Holding the ball</name>
    <pose>Unspecified</pose>
    <truncated>0</truncated>
    <difficult>0</difficult>
    <bndbox>
      <xmin>308</xmin>
      <ymin>479</ymin>
      <xmax>374</xmax>
      <ymax>578</ymax>
    </bndbox>
  </object>
  <object>
    <name>Player</name>
    <pose>Unspecified</pose>
    <truncated>0</truncated>
    <difficult>0</difficult>
    <bndbox>
      <xmin>299</xmin>
      <ymin>482</ymin>
      <xmax>338</xmax>
      <ymax>574</ymax>
    </bndbox>
  </object>
  <object>
    <name>Player</name>
    <pose>Unspecified</pose>
    <truncated>0</truncated>
    <difficult>0</difficult>
    <bndbox>
      <xmin>452</xmin>
      <ymin>447</ymin>
      <xmax>482</xmax>
      <ymax>518</ymax>
    </bndbox>
  </object>
  <object>
    <name>Player</name>
    <pose>Unspecified</pose>
    <truncated>0</truncated>
    <difficult>0</difficult>
    <bndbox>
      <xmin>276</xmin>
      <ymin>430</ymin>
      <xmax>320</xmax>
      <ymax>511</ymax>
    </bndbox>
  </object>
  <object>
    <name>Player</name>
    <pose>Unspecified</pose>
    <truncated>0</truncated>
    <difficult>0</difficult>
    <bndbox>
      <xmin>405</xmin>
      <ymin>327</ymin>
      <xmax>446</xmax>
      <ymax>394</ymax>
    </bndbox>
  </object>
  <object>
    <name>Player</name>
    <pose>Unspecified</pose>
    <truncated>0</truncated>
    <difficult>0</difficult>
    <bndbox>
      <xmin>521</xmin>
      <ymin>283</ymin>
      <xmax>549</xmax>
      <ymax>336</ymax>
    </bndbox>
  </object>
  <object>
    <name>Player</name>
    <pose>Unspecified</pose>
    <truncated>0</truncated>
    <difficult>0</difficult>
    <bndbox>
      <xmin>274</xmin>
      <ymin>388</ymin>
      <xmax>302</xmax>
      <ymax>450</ymax>
    </bndbox>
  </object>
  <object>
    <name>Football</name>
    <pose>Unspecified</pose>
    <truncated>0</truncated>
    <difficult>0</difficult>
    <bndbox>
      <xmin>357</xmin>
      <ymin>552</ymin>
      <xmax>371</xmax>
      <ymax>567</ymax>
    </bndbox>
  </object>
  <object>
    <name>Player</name>
    <pose>Unspecified</pose>
    <truncated>0</truncated>
    <difficult>0</difficult>
    <bndbox>
      <xmin>98</xmin>
      <ymin>259</ymin>
      <xmax>117</xmax>
      <ymax>320</ymax>
    </bndbox>
  </object>
  <object>
    <name>Player</name>
    <pose>Unspecified</pose>
    <truncated>0</truncated>
    <difficult>0</difficult>
    <bndbox>
      <xmin>1184</xmin>
      <ymin>365</ymin>
      <xmax>1204</xmax>
      <ymax>449</ymax>
    </bndbox>
  </object>
  <object>
    <name>Player</name>
    <pose>Unspecified</pose>
    <truncated>0</truncated>
    <difficult>0</difficult>
    <bndbox>
      <xmin>1027</xmin>
      <ymin>342</ymin>
      <xmax>1051</xmax>
      <ymax>412</ymax>
    </bndbox>
  </object>
  <object>
    <name>Player</name>
    <pose>Unspecified</pose>
    <truncated>0</truncated>
    <difficult>0</difficult>
    <bndbox>
      <xmin>1023</xmin>
      <ymin>326</ymin>
      <xmax>1045</xmax>
      <ymax>376</ymax>
    </bndbox>
  </object>
  <object>
    <name>Player</name>
    <pose>Unspecified</pose>
    <truncated>0</truncated>
    <difficult>0</difficult>
    <bndbox>
      <xmin>900</xmin>
      <ymin>267</ymin>
      <xmax>923</xmax>
      <ymax>335</ymax>
    </bndbox>
  </object>
  <object>
    <name>Player</name>
    <pose>Unspecified</pose>
    <truncated>0</truncated>
    <difficult>0</difficult>
    <bndbox>
      <xmin>779</xmin>
      <ymin>235</ymin>
      <xmax>799</xmax>
      <ymax>294</ymax>
    </bndbox>
  </object>
  <object>
    <name>Player</name>
    <pose>Unspecified</pose>
    <truncated>0</truncated>
    <difficult>0</difficult>
    <bndbox>
      <xmin>867</xmin>
      <ymin>371</ymin>
      <xmax>899</xmax>
      <ymax>444</ymax>
    </bndbox>
  </object>
  <object>
    <name>Referee</name>
    <pose>Unspecified</pose>
    <truncated>0</truncated>
    <difficult>0</difficult>
    <bndbox>
      <xmin>804</xmin>
      <ymin>326</ymin>
      <xmax>832</xmax>
      <ymax>396</ymax>
    </bndbox>
  </object>
  <object>
    <name>Player</name>
    <pose>Unspecified</pose>
    <truncated>0</truncated>
    <difficult>0</difficult>
    <bndbox>
      <xmin>832</xmin>
      <ymin>534</ymin>
      <xmax>867</xmax>
      <ymax>633</ymax>
    </bndbox>
  </object>
  <object>
    <name>Player</name>
    <pose>Unspecified</pose>
    <truncated>0</truncated>
    <difficult>0</difficult>
    <bndbox>
      <xmin>1239</xmin>
      <ymin>575</ymin>
      <xmax>1275</xmax>
      <ymax>688</ymax>
    </bndbox>
  </object>
  <object>
    <name>Player</name>
    <pose>Unspecified</pose>
    <truncated>0</truncated>
    <difficult>0</difficult>
    <bndbox>
      <xmin>737</xmin>
      <ymin>603</ymin>
      <xmax>782</xmax>
      <ymax>692</ymax>
    </bndbox>
  </object>
</annotation>
