<annotation>
  <folder>images/Part1_Gray</folder>
  <filename>00070.png</filename>
  <segmented>0</segmented>
  <size>
    <width>1280</width>
    <height>720</height>
    <depth>3</depth>
  </size>
  <object>
    <name>Football</name>
    <pose>Unspecified</pose>
    <truncated>0</truncated>
    <difficult>0</difficult>
    <bndbox>
      <xmin>430</xmin>
      <ymin>350</ymin>
      <xmax>437</xmax>
      <ymax>357</ymax>
    </bndbox>
  </object>
  <object>
    <name>Player</name>
    <pose>Unspecified</pose>
    <truncated>0</truncated>
    <difficult>0</difficult>
    <bndbox>
      <xmin>401</xmin>
      <ymin>308</ymin>
      <xmax>430</xmax>
      <ymax>354</ymax>
    </bndbox>
  </object>
  <object>
    <name>Holding the ball</name>
    <pose>Unspecified</pose>
    <truncated>0</truncated>
    <difficult>0</difficult>
    <bndbox>
      <xmin>401</xmin>
      <ymin>308</ymin>
      <xmax>436</xmax>
      <ymax>357</ymax>
    </bndbox>
  </object>
  <object>
    <name>Player</name>
    <pose>Unspecified</pose>
    <truncated>0</truncated>
    <difficult>0</difficult>
    <bndbox>
      <xmin>326</xmin>
      <ymin>363</ymin>
      <xmax>351</xmax>
      <ymax>425</ymax>
    </bndbox>
  </object>
  <object>
    <name>Player</name>
    <pose>Unspecified</pose>
    <truncated>0</truncated>
    <difficult>0</difficult>
    <bndbox>
      <xmin>362</xmin>
      <ymin>379</ymin>
      <xmax>386</xmax>
      <ymax>445</ymax>
    </bndbox>
  </object>
  <object>
    <name>Player</name>
    <pose>Unspecified</pose>
    <truncated>0</truncated>
    <difficult>0</difficult>
    <bndbox>
      <xmin>382</xmin>
      <ymin>502</ymin>
      <xmax>410</xmax>
      <ymax>583</ymax>
    </bndbox>
  </object>
  <object>
    <name>Player</name>
    <pose>Unspecified</pose>
    <truncated>0</truncated>
    <difficult>0</difficult>
    <bndbox>
      <xmin>418</xmin>
      <ymin>593</ymin>
      <xmax>454</xmax>
      <ymax>688</ymax>
    </bndbox>
  </object>
  <object>
    <name>Player</name>
    <pose>Unspecified</pose>
    <truncated>0</truncated>
    <difficult>0</difficult>
    <bndbox>
      <xmin>128</xmin>
      <ymin>445</ymin>
      <xmax>158</xmax>
      <ymax>521</ymax>
    </bndbox>
  </object>
  <object>
    <name>Referee</name>
    <pose>Unspecified</pose>
    <truncated>0</truncated>
    <difficult>0</difficult>
    <bndbox>
      <xmin>68</xmin>
      <ymin>271</ymin>
      <xmax>89</xmax>
      <ymax>317</ymax>
    </bndbox>
  </object>
  <object>
    <name>Player</name>
    <pose>Unspecified</pose>
    <truncated>0</truncated>
    <difficult>0</difficult>
    <bndbox>
      <xmin>584</xmin>
      <ymin>329</ymin>
      <xmax>608</xmax>
      <ymax>384</ymax>
    </bndbox>
  </object>
  <object>
    <name>Player</name>
    <pose>Unspecified</pose>
    <truncated>0</truncated>
    <difficult>0</difficult>
    <bndbox>
      <xmin>610</xmin>
      <ymin>346</ymin>
      <xmax>635</xmax>
      <ymax>407</ymax>
    </bndbox>
  </object>
  <object>
    <name>Player</name>
    <pose>Unspecified</pose>
    <truncated>0</truncated>
    <difficult>0</difficult>
    <bndbox>
      <xmin>749</xmin>
      <ymin>359</ymin>
      <xmax>770</xmax>
      <ymax>415</ymax>
    </bndbox>
  </object>
  <object>
    <name>Player</name>
    <pose>Unspecified</pose>
    <truncated>0</truncated>
    <difficult>0</difficult>
    <bndbox>
      <xmin>672</xmin>
      <ymin>457</ymin>
      <xmax>705</xmax>
      <ymax>524</ymax>
    </bndbox>
  </object>
  <object>
    <name>Player</name>
    <pose>Unspecified</pose>
    <truncated>0</truncated>
    <difficult>0</difficult>
    <bndbox>
      <xmin>753</xmin>
      <ymin>427</ymin>
      <xmax>778</xmax>
      <ymax>497</ymax>
    </bndbox>
  </object>
  <object>
    <name>Player</name>
    <pose>Unspecified</pose>
    <truncated>0</truncated>
    <difficult>0</difficult>
    <bndbox>
      <xmin>947</xmin>
      <ymin>331</ymin>
      <xmax>963</xmax>
      <ymax>387</ymax>
    </bndbox>
  </object>
  <object>
    <name>Player</name>
    <pose>Unspecified</pose>
    <truncated>0</truncated>
    <difficult>0</difficult>
    <bndbox>
      <xmin>879</xmin>
      <ymin>293</ymin>
      <xmax>896</xmax>
      <ymax>337</ymax>
    </bndbox>
  </object>
  <object>
    <name>Player</name>
    <pose>Unspecified</pose>
    <truncated>0</truncated>
    <difficult>0</difficult>
    <bndbox>
      <xmin>825</xmin>
      <ymin>270</ymin>
      <xmax>844</xmax>
      <ymax>310</ymax>
    </bndbox>
  </object>
  <object>
    <name>Referee</name>
    <pose>Unspecified</pose>
    <truncated>0</truncated>
    <difficult>0</difficult>
    <bndbox>
      <xmin>910</xmin>
      <ymin>329</ymin>
      <xmax>931</xmax>
      <ymax>391</ymax>
    </bndbox>
  </object>
  <object>
    <name>Player</name>
    <pose>Unspecified</pose>
    <truncated>0</truncated>
    <difficult>0</difficult>
    <bndbox>
      <xmin>1127</xmin>
      <ymin>508</ymin>
      <xmax>1153</xmax>
      <ymax>594</ymax>
    </bndbox>
  </object>
  <object>
    <name>Player</name>
    <pose>Unspecified</pose>
    <truncated>0</truncated>
    <difficult>0</difficult>
    <bndbox>
      <xmin>1049</xmin>
      <ymin>354</ymin>
      <xmax>1079</xmax>
      <ymax>420</ymax>
    </bndbox>
  </object>
  <object>
    <name>Player</name>
    <pose>Unspecified</pose>
    <truncated>0</truncated>
    <difficult>0</difficult>
    <bndbox>
      <xmin>1075</xmin>
      <ymin>393</ymin>
      <xmax>1102</xmax>
      <ymax>463</ymax>
    </bndbox>
  </object>
  <object>
    <name>Player</name>
    <pose>Unspecified</pose>
    <truncated>0</truncated>
    <difficult>0</difficult>
    <bndbox>
      <xmin>1023</xmin>
      <ymin>399</ymin>
      <xmax>1051</xmax>
      <ymax>464</ymax>
    </bndbox>
  </object>
  <object>
    <name>Player</name>
    <pose>Unspecified</pose>
    <truncated>0</truncated>
    <difficult>0</difficult>
    <bndbox>
      <xmin>1014</xmin>
      <ymin>530</ymin>
      <xmax>1045</xmax>
      <ymax>622</ymax>
    </bndbox>
  </object>
</annotation>
