<annotation>
  <folder>images/Part1_Gray</folder>
  <filename>00071.png</filename>
  <segmented>0</segmented>
  <size>
    <width>1280</width>
    <height>720</height>
    <depth>3</depth>
  </size>
  <object>
    <name>Football</name>
    <pose>Unspecified</pose>
    <truncated>0</truncated>
    <difficult>0</difficult>
    <bndbox>
      <xmin>907</xmin>
      <ymin>426</ymin>
      <xmax>930</xmax>
      <ymax>447</ymax>
    </bndbox>
  </object>
  <object>
    <name>Football</name>
    <pose>Unspecified</pose>
    <truncated>0</truncated>
    <difficult>0</difficult>
    <bndbox>
      <xmin>905</xmin>
      <ymin>424</ymin>
      <xmax>930</xmax>
      <ymax>449</ymax>
    </bndbox>
  </object>
</annotation>
