<annotation>
  <folder>images/Part1_Gray</folder>
  <filename>00085.png</filename>
  <segmented>0</segmented>
  <size>
    <width>1280</width>
    <height>720</height>
    <depth>3</depth>
  </size>
  <object>
    <name>Player</name>
    <pose>Unspecified</pose>
    <truncated>0</truncated>
    <difficult>0</difficult>
    <bndbox>
      <xmin>183</xmin>
      <ymin>441</ymin>
      <xmax>214</xmax>
      <ymax>522</ymax>
    </bndbox>
  </object>
  <object>
    <name>Referee</name>
    <pose>Unspecified</pose>
    <truncated>0</truncated>
    <difficult>0</difficult>
    <bndbox>
      <xmin>225</xmin>
      <ymin>370</ymin>
      <xmax>245</xmax>
      <ymax>442</ymax>
    </bndbox>
  </object>
  <object>
    <name>Player</name>
    <pose>Unspecified</pose>
    <truncated>0</truncated>
    <difficult>0</difficult>
    <bndbox>
      <xmin>346</xmin>
      <ymin>449</ymin>
      <xmax>374</xmax>
      <ymax>526</ymax>
    </bndbox>
  </object>
  <object>
    <name>Player</name>
    <pose>Unspecified</pose>
    <truncated>0</truncated>
    <difficult>0</difficult>
    <bndbox>
      <xmin>355</xmin>
      <ymin>277</ymin>
      <xmax>383</xmax>
      <ymax>321</ymax>
    </bndbox>
  </object>
  <object>
    <name>Football</name>
    <pose>Unspecified</pose>
    <truncated>0</truncated>
    <difficult>0</difficult>
    <bndbox>
      <xmin>453</xmin>
      <ymin>304</ymin>
      <xmax>463</xmax>
      <ymax>314</ymax>
    </bndbox>
  </object>
  <object>
    <name>Player</name>
    <pose>Unspecified</pose>
    <truncated>0</truncated>
    <difficult>0</difficult>
    <bndbox>
      <xmin>423</xmin>
      <ymin>381</ymin>
      <xmax>449</xmax>
      <ymax>449</ymax>
    </bndbox>
  </object>
  <object>
    <name>Player</name>
    <pose>Unspecified</pose>
    <truncated>0</truncated>
    <difficult>0</difficult>
    <bndbox>
      <xmin>513</xmin>
      <ymin>423</ymin>
      <xmax>553</xmax>
      <ymax>499</ymax>
    </bndbox>
  </object>
  <object>
    <name>Player</name>
    <pose>Unspecified</pose>
    <truncated>0</truncated>
    <difficult>0</difficult>
    <bndbox>
      <xmin>591</xmin>
      <ymin>405</ymin>
      <xmax>635</xmax>
      <ymax>477</ymax>
    </bndbox>
  </object>
  <object>
    <name>Player</name>
    <pose>Unspecified</pose>
    <truncated>0</truncated>
    <difficult>0</difficult>
    <bndbox>
      <xmin>614</xmin>
      <ymin>367</ymin>
      <xmax>640</xmax>
      <ymax>431</ymax>
    </bndbox>
  </object>
  <object>
    <name>Player</name>
    <pose>Unspecified</pose>
    <truncated>0</truncated>
    <difficult>0</difficult>
    <bndbox>
      <xmin>671</xmin>
      <ymin>401</ymin>
      <xmax>696</xmax>
      <ymax>474</ymax>
    </bndbox>
  </object>
  <object>
    <name>Player</name>
    <pose>Unspecified</pose>
    <truncated>0</truncated>
    <difficult>0</difficult>
    <bndbox>
      <xmin>627</xmin>
      <ymin>387</ymin>
      <xmax>659</xmax>
      <ymax>457</ymax>
    </bndbox>
  </object>
  <object>
    <name>Player</name>
    <pose>Unspecified</pose>
    <truncated>0</truncated>
    <difficult>0</difficult>
    <bndbox>
      <xmin>625</xmin>
      <ymin>398</ymin>
      <xmax>656</xmax>
      <ymax>460</ymax>
    </bndbox>
  </object>
  <object>
    <name>Player</name>
    <pose>Unspecified</pose>
    <truncated>0</truncated>
    <difficult>0</difficult>
    <bndbox>
      <xmin>669</xmin>
      <ymin>402</ymin>
      <xmax>694</xmax>
      <ymax>474</ymax>
    </bndbox>
  </object>
  <object>
    <name>Player</name>
    <pose>Unspecified</pose>
    <truncated>0</truncated>
    <difficult>0</difficult>
    <bndbox>
      <xmin>672</xmin>
      <ymin>370</ymin>
      <xmax>705</xmax>
      <ymax>426</ymax>
    </bndbox>
  </object>
  <object>
    <name>Player</name>
    <pose>Unspecified</pose>
    <truncated>0</truncated>
    <difficult>0</difficult>
    <bndbox>
      <xmin>654</xmin>
      <ymin>359</ymin>
      <xmax>682</xmax>
      <ymax>410</ymax>
    </bndbox>
  </object>
  <object>
    <name>Player</name>
    <pose>Unspecified</pose>
    <truncated>0</truncated>
    <difficult>0</difficult>
    <bndbox>
      <xmin>737</xmin>
      <ymin>395</ymin>
      <xmax>772</xmax>
      <ymax>474</ymax>
    </bndbox>
  </object>
  <object>
    <name>Player</name>
    <pose>Unspecified</pose>
    <truncated>0</truncated>
    <difficult>0</difficult>
    <bndbox>
      <xmin>705</xmin>
      <ymin>392</ymin>
      <xmax>746</xmax>
      <ymax>464</ymax>
    </bndbox>
  </object>
  <object>
    <name>Player</name>
    <pose>Unspecified</pose>
    <truncated>0</truncated>
    <difficult>0</difficult>
    <bndbox>
      <xmin>717</xmin>
      <ymin>370</ymin>
      <xmax>750</xmax>
      <ymax>424</ymax>
    </bndbox>
  </object>
  <object>
    <name>Player</name>
    <pose>Unspecified</pose>
    <truncated>0</truncated>
    <difficult>0</difficult>
    <bndbox>
      <xmin>703</xmin>
      <ymin>374</ymin>
      <xmax>732</xmax>
      <ymax>425</ymax>
    </bndbox>
  </object>
  <object>
    <name>Player</name>
    <pose>Unspecified</pose>
    <truncated>0</truncated>
    <difficult>0</difficult>
    <bndbox>
      <xmin>865</xmin>
      <ymin>399</ymin>
      <xmax>897</xmax>
      <ymax>471</ymax>
    </bndbox>
  </object>
  <object>
    <name>Player</name>
    <pose>Unspecified</pose>
    <truncated>0</truncated>
    <difficult>0</difficult>
    <bndbox>
      <xmin>853</xmin>
      <ymin>369</ymin>
      <xmax>877</xmax>
      <ymax>443</ymax>
    </bndbox>
  </object>
  <object>
    <name>Football</name>
    <pose>Unspecified</pose>
    <truncated>0</truncated>
    <difficult>0</difficult>
    <bndbox>
      <xmin>1111</xmin>
      <ymin>448</ymin>
      <xmax>1123</xmax>
      <ymax>460</ymax>
    </bndbox>
  </object>
  <object>
    <name>Goalpost</name>
    <pose>Unspecified</pose>
    <truncated>0</truncated>
    <difficult>0</difficult>
    <bndbox>
      <xmin>862</xmin>
      <ymin>320</ymin>
      <xmax>1099</xmax>
      <ymax>455</ymax>
    </bndbox>
  </object>
</annotation>
