<annotation>
  <folder>images/Part1_Gray</folder>
  <filename>00096.png</filename>
  <segmented>0</segmented>
  <size>
    <width>1280</width>
    <height>720</height>
    <depth>3</depth>
  </size>
  <object>
    <name>Referee</name>
    <pose>Unspecified</pose>
    <truncated>0</truncated>
    <difficult>0</difficult>
    <bndbox>
      <xmin>73</xmin>
      <ymin>466</ymin>
      <xmax>110</xmax>
      <ymax>539</ymax>
    </bndbox>
  </object>
  <object>
    <name>Player</name>
    <pose>Unspecified</pose>
    <truncated>0</truncated>
    <difficult>0</difficult>
    <bndbox>
      <xmin>54</xmin>
      <ymin>371</ymin>
      <xmax>77</xmax>
      <ymax>416</ymax>
    </bndbox>
  </object>
  <object>
    <name>Player</name>
    <pose>Unspecified</pose>
    <truncated>0</truncated>
    <difficult>0</difficult>
    <bndbox>
      <xmin>188</xmin>
      <ymin>370</ymin>
      <xmax>210</xmax>
      <ymax>425</ymax>
    </bndbox>
  </object>
  <object>
    <name>Player</name>
    <pose>Unspecified</pose>
    <truncated>0</truncated>
    <difficult>0</difficult>
    <bndbox>
      <xmin>244</xmin>
      <ymin>405</ymin>
      <xmax>269</xmax>
      <ymax>458</ymax>
    </bndbox>
  </object>
  <object>
    <name>Player</name>
    <pose>Unspecified</pose>
    <truncated>0</truncated>
    <difficult>0</difficult>
    <bndbox>
      <xmin>414</xmin>
      <ymin>344</ymin>
      <xmax>436</xmax>
      <ymax>392</ymax>
    </bndbox>
  </object>
  <object>
    <name>Player</name>
    <pose>Unspecified</pose>
    <truncated>0</truncated>
    <difficult>0</difficult>
    <bndbox>
      <xmin>378</xmin>
      <ymin>449</ymin>
      <xmax>403</xmax>
      <ymax>515</ymax>
    </bndbox>
  </object>
  <object>
    <name>Player</name>
    <pose>Unspecified</pose>
    <truncated>0</truncated>
    <difficult>0</difficult>
    <bndbox>
      <xmin>344</xmin>
      <ymin>555</ymin>
      <xmax>377</xmax>
      <ymax>637</ymax>
    </bndbox>
  </object>
  <object>
    <name>Player</name>
    <pose>Unspecified</pose>
    <truncated>0</truncated>
    <difficult>0</difficult>
    <bndbox>
      <xmin>477</xmin>
      <ymin>488</ymin>
      <xmax>500</xmax>
      <ymax>553</ymax>
    </bndbox>
  </object>
  <object>
    <name>Player</name>
    <pose>Unspecified</pose>
    <truncated>0</truncated>
    <difficult>0</difficult>
    <bndbox>
      <xmin>371</xmin>
      <ymin>634</ymin>
      <xmax>406</xmax>
      <ymax>719</ymax>
    </bndbox>
  </object>
  <object>
    <name>Holding the ball</name>
    <pose>Unspecified</pose>
    <truncated>0</truncated>
    <difficult>0</difficult>
    <bndbox>
      <xmin>814</xmin>
      <ymin>502</ymin>
      <xmax>869</xmax>
      <ymax>577</ymax>
    </bndbox>
  </object>
  <object>
    <name>Football</name>
    <pose>Unspecified</pose>
    <truncated>0</truncated>
    <difficult>0</difficult>
    <bndbox>
      <xmin>817</xmin>
      <ymin>558</ymin>
      <xmax>826</xmax>
      <ymax>567</ymax>
    </bndbox>
  </object>
  <object>
    <name>Player</name>
    <pose>Unspecified</pose>
    <truncated>0</truncated>
    <difficult>0</difficult>
    <bndbox>
      <xmin>835</xmin>
      <ymin>502</ymin>
      <xmax>868</xmax>
      <ymax>576</ymax>
    </bndbox>
  </object>
  <object>
    <name>Player</name>
    <pose>Unspecified</pose>
    <truncated>0</truncated>
    <difficult>0</difficult>
    <bndbox>
      <xmin>546</xmin>
      <ymin>305</ymin>
      <xmax>567</xmax>
      <ymax>344</ymax>
    </bndbox>
  </object>
  <object>
    <name>Player</name>
    <pose>Unspecified</pose>
    <truncated>0</truncated>
    <difficult>0</difficult>
    <bndbox>
      <xmin>720</xmin>
      <ymin>422</ymin>
      <xmax>749</xmax>
      <ymax>479</ymax>
    </bndbox>
  </object>
  <object>
    <name>Player</name>
    <pose>Unspecified</pose>
    <truncated>0</truncated>
    <difficult>0</difficult>
    <bndbox>
      <xmin>776</xmin>
      <ymin>394</ymin>
      <xmax>801</xmax>
      <ymax>441</ymax>
    </bndbox>
  </object>
  <object>
    <name>Player</name>
    <pose>Unspecified</pose>
    <truncated>0</truncated>
    <difficult>0</difficult>
    <bndbox>
      <xmin>793</xmin>
      <ymin>369</ymin>
      <xmax>818</xmax>
      <ymax>422</ymax>
    </bndbox>
  </object>
  <object>
    <name>Player</name>
    <pose>Unspecified</pose>
    <truncated>0</truncated>
    <difficult>0</difficult>
    <bndbox>
      <xmin>900</xmin>
      <ymin>352</ymin>
      <xmax>920</xmax>
      <ymax>401</ymax>
    </bndbox>
  </object>
</annotation>
