<annotation>
  <folder>images/Part1_Gray</folder>
  <filename>00178.png</filename>
  <segmented>0</segmented>
  <size>
    <width>1280</width>
    <height>720</height>
    <depth>3</depth>
  </size>
  <object>
    <name>Player</name>
    <pose>Unspecified</pose>
    <truncated>0</truncated>
    <difficult>0</difficult>
    <bndbox>
      <xmin>72</xmin>
      <ymin>467</ymin>
      <xmax>121</xmax>
      <ymax>553</ymax>
    </bndbox>
  </object>
  <object>
    <name>Player</name>
    <pose>Unspecified</pose>
    <truncated>0</truncated>
    <difficult>0</difficult>
    <bndbox>
      <xmin>143</xmin>
      <ymin>511</ymin>
      <xmax>196</xmax>
      <ymax>606</ymax>
    </bndbox>
  </object>
  <object>
    <name>Player</name>
    <pose>Unspecified</pose>
    <truncated>0</truncated>
    <difficult>0</difficult>
    <bndbox>
      <xmin>316</xmin>
      <ymin>484</ymin>
      <xmax>359</xmax>
      <ymax>575</ymax>
    </bndbox>
  </object>
  <object>
    <name>Player</name>
    <pose>Unspecified</pose>
    <truncated>0</truncated>
    <difficult>0</difficult>
    <bndbox>
      <xmin>347</xmin>
      <ymin>409</ymin>
      <xmax>411</xmax>
      <ymax>488</ymax>
    </bndbox>
  </object>
  <object>
    <name>Player</name>
    <pose>Unspecified</pose>
    <truncated>0</truncated>
    <difficult>0</difficult>
    <bndbox>
      <xmin>421</xmin>
      <ymin>381</ymin>
      <xmax>464</xmax>
      <ymax>445</ymax>
    </bndbox>
  </object>
  <object>
    <name>Player</name>
    <pose>Unspecified</pose>
    <truncated>0</truncated>
    <difficult>0</difficult>
    <bndbox>
      <xmin>518</xmin>
      <ymin>406</ymin>
      <xmax>572</xmax>
      <ymax>466</ymax>
    </bndbox>
  </object>
  <object>
    <name>Player</name>
    <pose>Unspecified</pose>
    <truncated>0</truncated>
    <difficult>0</difficult>
    <bndbox>
      <xmin>649</xmin>
      <ymin>402</ymin>
      <xmax>694</xmax>
      <ymax>491</ymax>
    </bndbox>
  </object>
  <object>
    <name>Player</name>
    <pose>Unspecified</pose>
    <truncated>0</truncated>
    <difficult>0</difficult>
    <bndbox>
      <xmin>975</xmin>
      <ymin>536</ymin>
      <xmax>1030</xmax>
      <ymax>633</ymax>
    </bndbox>
  </object>
  <object>
    <name>Player</name>
    <pose>Unspecified</pose>
    <truncated>0</truncated>
    <difficult>0</difficult>
    <bndbox>
      <xmin>946</xmin>
      <ymin>506</ymin>
      <xmax>988</xmax>
      <ymax>597</ymax>
    </bndbox>
  </object>
  <object>
    <name>Player</name>
    <pose>Unspecified</pose>
    <truncated>0</truncated>
    <difficult>0</difficult>
    <bndbox>
      <xmin>1139</xmin>
      <ymin>444</ymin>
      <xmax>1179</xmax>
      <ymax>538</ymax>
    </bndbox>
  </object>
  <object>
    <name>Player</name>
    <pose>Unspecified</pose>
    <truncated>0</truncated>
    <difficult>0</difficult>
    <bndbox>
      <xmin>1169</xmin>
      <ymin>399</ymin>
      <xmax>1210</xmax>
      <ymax>473</ymax>
    </bndbox>
  </object>
  <object>
    <name>Player</name>
    <pose>Unspecified</pose>
    <truncated>0</truncated>
    <difficult>0</difficult>
    <bndbox>
      <xmin>1000</xmin>
      <ymin>366</ymin>
      <xmax>1049</xmax>
      <ymax>444</ymax>
    </bndbox>
  </object>
  <object>
    <name>Referee</name>
    <pose>Unspecified</pose>
    <truncated>0</truncated>
    <difficult>0</difficult>
    <bndbox>
      <xmin>1040</xmin>
      <ymin>464</ymin>
      <xmax>1086</xmax>
      <ymax>550</ymax>
    </bndbox>
  </object>
</annotation>
